alg,node,cost,lux,duty,energy
Consensus,1,1,20.021,0.5304029304029304,17.56
Consensus,2,2,19.999,0.16776556776556775,6.673
Consensus,3,3,20.0,0.27008547008547007,12.552
