alg,node,cost,lux,duty,energy
Consensus,1,1,20.253,0.48083028083028084,13.476
Consensus,2,2,20.152,0.16678876678876678,5.777
Consensus,3,3,19.692,0.2398046398046398,9.612
ADMM,1,1,9.879,0.29304029304029305,10.0
ADMM,2,2,10.073,0.10402930402930403,4.424
ADMM,3,3,9.996,0.12234432234432234,7.159
Dual Decomp,1,1,0.734,0.0,0.58
Dual Decomp,2,2,0.248,0.0,0.612
Dual Decomp,3,3,0.071,0.0,1.218
