time_s,node_id,lux,duty,ref
0.0,1,10.092,0.3496947496947497,10.0
3.293,1,10.018,0.34896214896214894,10.0
3.393,1,29.983,0.8456654456654457,30.0
6.711,1,30.097,0.8459096459096459,30.0
10.007,1,29.962,0.8463980463980464,30.0
13.313,1,29.969,0.8456654456654457,30.0
13.413,1,10.07,0.34847374847374846,10.0
16.701,1,10.059,0.34798534798534797,10.0
20.009,1,10.022,0.34847374847374846,10.0
