time_s,node_id,lux,duty,ref
0.0,1,9.863,0.295970695970696,10.0
3.249,1,10.057,0.29426129426129427,10.0
3.349,1,30.157,0.7836385836385836,30.0
6.599,1,29.762,0.7777777777777778,30.0
9.848,1,29.991,0.7763125763125763,30.0
13.097,1,30.003,0.7770451770451771,30.0
13.197,1,9.865,0.29645909645909646,10.0
16.447,1,10.06,0.29474969474969476,10.0
19.696,1,10.194,0.30158730158730157,10.0
