time_s,node_id,lux,duty,ref
0.0,1,4.971,0.2148962148962149,5.0
3.316,1,5.008,0.2144078144078144,5.0
3.416,1,25.109,0.7934065934065934,25.0
6.71,1,24.97,0.7924297924297924,25.0
10.012,1,25.058,0.7907203907203907,25.0
13.322,1,25.04,0.7924297924297924,25.0
