time_s,node_id,lux,duty,ref
0.0,1,5.199,0.1711843711843712,5.0
3.249,1,5.004,0.1746031746031746,5.0
3.349,1,24.975,0.7174603174603175,25.0
6.598,1,25.052,0.716971916971917,25.0
9.847,1,24.972,0.7186813186813187,25.0
13.096,1,25.172,0.7208791208791209,25.0
